{
  "version": "2022.2",
  "applications": [],
  "platforms": [
    {
      "name": "mb_usb_hdmi_top"
    }
  ],
  "systems": [
    {
      "name": "mb_bouncing_ball_system",
      "platform": "C:/Users/nhbreit2/Documents/ece385/workspace_lab6.2/mb_usb_hdmi_top/export/mb_usb_hdmi_top/mb_usb_hdmi_top.xpfm",
      "sysConfig": "mb_usb_hdmi_top",
      "buildConfig": "Debug",
      "applications": [
        {
          "name": "mb_bouncing_ball",
          "platform": "C:/Users/nhbreit2/Documents/ece385/workspace_lab6.2/mb_usb_hdmi_top/export/mb_usb_hdmi_top/mb_usb_hdmi_top.xpfm",
          "platformPath": "C:\\Users\\nhbreit2\\Documents\\ece385\\workspace_lab6.2\\mb_usb_hdmi_top\\export\\mb_usb_hdmi_top",
          "sysConfig": "mb_usb_hdmi_top",
          "domain": "standalone_microblaze_0",
          "system": "mb_bouncing_ball_system"
        }
      ],
      "platformPath": "C:\\Users\\nhbreit2\\Documents\\ece385\\workspace_lab6.2\\mb_usb_hdmi_top\\export\\mb_usb_hdmi_top"
    }
  ],
  "others": []
}