{
  "version": "2022.2",
  "applications": [],
  "platforms": [
    {
      "name": "mb_intro_top"
    }
  ],
  "systems": [
    {
      "name": "mb_blink_system",
      "platform": "C:/Users/nhbreit2/Documents/ece385/workspace/mb_intro_top/export/mb_intro_top/mb_intro_top.xpfm",
      "sysConfig": "mb_intro_top",
      "buildConfig": "Debug",
      "applications": [
        {
          "name": "mb_blink",
          "platform": "C:/Users/nhbreit2/Documents/ece385/workspace/mb_intro_top/export/mb_intro_top/mb_intro_top.xpfm",
          "platformPath": "C:\\Users\\nhbreit2\\Documents\\ece385\\workspace\\mb_intro_top\\export\\mb_intro_top",
          "sysConfig": "mb_intro_top",
          "domain": "standalone_microblaze_0",
          "system": "mb_blink_system"
        }
      ],
      "platformPath": "C:\\Users\\nhbreit2\\Documents\\ece385\\workspace\\mb_intro_top\\export\\mb_intro_top"
    }
  ],
  "others": []
}