{
  "version": "2022.2",
  "applications": [],
  "platforms": [
    {
      "name": "mb_two_pmod_bridge_usb_ddr3"
    }
  ],
  "systems": [
    {
      "name": "two_screen_ddr3_USB_system",
      "platform": "C:/Users/Wildh/Documents/GitHub/ECE385/FP_USB_DDR3_two_screen/mb_two_pmod_bridge_usb_ddr3/export/mb_two_pmod_bridge_usb_ddr3/mb_two_pmod_bridge_usb_ddr3.xpfm",
      "sysConfig": "mb_two_pmod_bridge_usb_ddr3",
      "buildConfig": "Debug",
      "applications": [
        {
          "name": "two_screen_ddr3_USB",
          "platform": "C:/Users/Wildh/Documents/GitHub/ECE385/FP_USB_DDR3_two_screen/mb_two_pmod_bridge_usb_ddr3/export/mb_two_pmod_bridge_usb_ddr3/mb_two_pmod_bridge_usb_ddr3.xpfm",
          "platformPath": "C:\\Users\\Wildh\\Documents\\GitHub\\ECE385\\FP_USB_DDR3_two_screen\\mb_two_pmod_bridge_usb_ddr3\\export\\mb_two_pmod_bridge_usb_ddr3",
          "sysConfig": "mb_two_pmod_bridge_usb_ddr3",
          "domain": "standalone_microblaze_0",
          "system": "two_screen_ddr3_USB_system"
        }
      ],
      "platformPath": "C:\\Users\\Wildh\\Documents\\GitHub\\ECE385\\FP_USB_DDR3_two_screen\\mb_two_pmod_bridge_usb_ddr3\\export\\mb_two_pmod_bridge_usb_ddr3"
    }
  ],
  "others": []
}